Player,Pos,Age,Tm,G,GS,MP,FG,FGA,FG%,3P,3PA,3P%,2P,2PA,2P%,eFG%,FT,FTA,FT%,ORB,DRB,TRB,AST,STL,BLK,TOV,PF,PTS
Bam Adebayo,PF,22,MIA,72,72,33.6,6.1,11.0,.557,0.0,0.2,.143,6.1,10.8,.564,.558,3.7,5.3,.691,2.4,7.8,10.2,5.1,1.1,1.3,2.8,2.5,15.9
Kyle Alexander,C,23,MIA,2,0,6.5,0.5,1.0,.500,0.0,0.0,0,0.5,1.0,.500,.500,0.0,0.0,0,1.0,0.5,1.5,0.0,0.0,0.0,0.5,0.5,1.0
Grayson Allen,SG,24,MEM,38,0,18.9,3.1,6.6,.466,1.5,3.7,.404,1.6,2.9,.545,.580,1.0,1.2,.867,0.2,2.0,2.2,1.4,0.3,0.1,0.9,1.4,8.7
Jarrett Allen,C,21,BRK,70,64,26.5,4.3,6.6,.649,0.0,0.1,.000,4.3,6.6,.658,.649,2.4,3.9,.633,3.1,6.5,9.6,1.6,0.6,1.3,1.1,2.3,11.1
Justin Anderson,SG,26,BRK,10,1,10.7,1.0,3.8,.263,0.6,2.9,.207,0.4,0.9,.444,.342,0.2,0.4,.500,0.1,2.0,2.1,0.8,0.0,0.6,0.4,1.3,2.8
Kyle Anderson,SF,26,MEM,67,28,19.9,2.3,4.9,.474,0.4,1.3,.282,2.0,3.7,.541,.511,0.8,1.2,.667,0.9,3.4,4.3,2.4,0.8,0.6,1.0,1.7,5.8
Ryan Anderson,C,31,HOU,2,0,7.0,1.0,3.5,.286,0.5,2.5,.200,0.5,1.0,.500,.357,0.0,0.0,0,0.0,3.5,3.5,1.0,0.5,0.0,0.5,0.5,2.5
Kostas Antetokounmpo,PF,22,LAL,5,0,4.0,0.6,0.6,1.000,0.0,0.0,0,0.6,0.6,1.000,1.000,0.2,0.4,.500,0.4,0.2,0.6,0.4,0.0,0.0,0.2,0.4,1.4
Ryan Arcidiacono,PG,25,CHI,58,4,16.0,1.6,3.8,.409,0.9,2.4,.391,0.6,1.4,.439,.532,0.5,0.7,.711,0.3,1.6,1.9,1.7,0.5,0.1,0.6,1.7,4.5
Dwayne Bacon,SG,24,CHO,39,11,17.6,2.2,6.3,.348,0.5,1.7,.284,1.7,4.5,.373,.387,0.9,1.4,.660,0.4,2.2,2.6,1.3,0.6,0.1,0.9,1.3,5.7
J.J. Barea,PG,35,DAL,29,6,15.5,2.9,7.1,.411,1.1,2.9,.376,1.8,4.2,.434,.488,0.7,0.8,.909,0.3,1.5,1.8,3.9,0.2,0.1,1.3,0.9,7.7
Will Barton,SF,29,DEN,58,58,33.0,5.7,12.7,.450,1.9,5.0,.375,3.9,7.8,.498,.523,1.8,2.3,.767,1.3,5.0,6.3,3.7,1.1,0.5,1.5,2.1,15.1
Keita Bates-Diop,PF,24,MIN,37,0,17.5,2.4,5.6,.422,0.8,2.5,.330,1.5,3.0,.500,.498,1.2,1.8,.708,0.6,2.4,3.0,0.8,0.5,0.5,0.4,1.0,6.8
Keita Bates-Diop,SF,24,DEN,7,0,14.0,1.9,4.0,.464,0.4,1.3,.333,1.4,2.7,.526,.518,1.1,1.4,.800,0.6,1.9,2.4,0.0,0.3,0.6,0.4,1.0,5.3
Nicolas Batum,SF,31,CHO,22,3,23.0,1.3,3.7,.346,0.6,2.2,.286,0.6,1.5,.438,.432,0.4,0.5,.900,1.1,3.4,4.5,3.0,0.8,0.4,1.0,1.9,3.6
Malik Beasley,SG,23,DEN,41,0,18.2,2.9,7.3,.389,1.4,3.9,.360,1.4,3.4,.421,.485,0.8,0.9,.868,0.2,1.7,1.9,1.2,0.8,0.1,0.9,1.2,7.9
Malik Beasley,SG,23,MIN,14,14,33.1,7.9,16.6,.472,3.5,8.2,.426,4.4,8.4,.517,.577,1.5,2.0,.750,0.6,4.4,5.1,1.9,0.6,0.1,1.5,1.9,20.7
Jordan Bell,C,25,MIN,27,0,8.7,1.2,2.2,.533,0.1,0.3,.222,1.1,1.9,.588,.550,0.6,1.1,.586,1.0,1.9,2.9,0.5,0.1,0.4,0.7,0.6,3.1
Jordan Bell,C,25,MEM,2,0,10.5,1.5,3.5,.429,1.0,1.5,.667,0.5,2.0,.250,.571,1.0,1.0,1.000,1.0,0.5,1.5,1.0,0.5,0.0,1.5,1.0,5.0
DeAndre' Bembry,SG,25,ATL,43,4,21.3,2.4,5.3,.456,0.3,1.5,.231,2.1,3.8,.546,.489,0.6,1.1,.542,0.8,2.7,3.5,1.9,1.3,0.4,1.4,2.0,5.8
Dragan Bender,PF,22,GSW,9,3,21.7,3.4,7.9,.437,1.2,3.8,.324,2.2,4.1,.541,.514,0.9,1.2,.727,1.8,4.1,5.9,2.1,0.4,0.4,1.8,2.9,9.0
Patrick Beverley,PG,31,LAC,51,50,26.3,2.9,6.7,.431,1.6,4.0,.388,1.3,2.6,.496,.548,0.6,0.9,.660,1.1,4.1,5.2,3.6,1.1,0.5,1.3,3.1,7.9
Goga Bitadze,C,20,IND,54,2,8.7,1.3,2.8,.467,0.1,0.8,.190,1.1,2.0,.574,.493,0.4,0.6,.727,0.5,1.5,2.0,0.4,0.2,0.7,0.5,1.2,3.2
Bismack Biyombo,C,27,CHO,53,29,19.4,2.8,5.2,.543,0.0,0.0,0,2.8,5.2,.543,.543,1.7,2.8,.603,2.3,3.5,5.8,0.9,0.2,0.9,0.9,2.2,7.4
Bol Bol,PF,20,DEN,7,0,12.4,2.0,4.0,.500,0.6,1.3,.444,1.4,2.7,.526,.571,1.1,1.4,.800,0.7,2.0,2.7,0.9,0.3,0.9,1.4,1.6,5.7
Marques Bolden,C,21,CLE,1,0,3.0,0.0,0.0,0,0.0,0.0,0,0.0,0.0,0,0,0.0,0.0,0,0.0,2.0,2.0,0.0,1.0,0.0,0.0,1.0,0.0
Jordan Bone,PG,22,DET,10,0,5.3,0.5,2.0,.250,0.2,1.0,.200,0.3,1.0,.300,.300,0.0,0.0,0,0.0,0.4,0.4,0.8,0.1,0.0,0.2,0.6,1.2
Brian Bowen,SF,21,IND,6,1,5.2,0.5,1.7,.300,0.0,0.3,.000,0.5,1.3,.375,.300,0.0,0.0,0,0.2,1.0,1.2,0.0,0.0,0.2,0.2,0.5,1.0
Ky Bowman,PG,22,GSW,45,12,22.6,3.0,7.1,.417,0.7,2.4,.308,2.2,4.8,.472,.469,0.8,0.9,.829,0.5,2.2,2.7,2.9,1.0,0.2,1.6,2.3,7.4
Avery Bradley,SG,29,LAL,49,44,24.2,3.5,7.8,.444,1.3,3.5,.364,2.2,4.3,.510,.526,0.4,0.5,.833,0.4,2.0,2.3,1.3,0.9,0.1,1.0,2.2,8.6
Miles Bridges,SF,21,CHO,65,64,30.7,4.9,11.6,.424,1.5,4.6,.330,3.4,7.0,.486,.489,1.6,2.0,.809,1.4,4.2,5.6,1.8,0.6,0.7,1.5,2.0,13.0
Ryan Broekhoff,SF,29,DAL,17,1,10.6,1.3,3.5,.373,1.2,3.0,.392,0.1,0.5,.250,.542,0.4,0.5,.875,0.3,2.2,2.5,0.6,0.3,0.2,0.4,0.9,4.2
Malcolm Brogdon,PG,27,IND,54,54,30.9,6.0,13.8,.438,1.4,4.3,.326,4.6,9.5,.488,.489,3.1,3.4,.892,0.9,4.0,4.9,7.1,0.6,0.2,2.4,1.8,16.5
Dillon Brooks,SG,24,MEM,73,73,28.9,6.0,14.6,.407,2.0,5.6,.358,3.9,9.0,.438,.476,2.2,2.8,.808,0.9,2.4,3.3,2.1,0.9,0.4,1.7,3.8,16.2
Bruce Brown,PG,23,DET,58,43,28.2,3.4,7.7,.443,0.6,1.7,.344,2.8,6.1,.470,.480,1.5,2.1,.739,1.1,3.7,4.7,4.0,1.1,0.5,1.7,2.8,8.9
Charlie Brown,SG,22,ATL,10,0,4.0,0.6,1.9,.316,0.3,0.9,.333,0.3,1.0,.300,.395,0.5,0.5,1.000,0.2,0.2,0.4,0.2,0.2,0.2,0.3,0.3,2.0
Jaylen Brown,SG,23,BOS,57,57,33.9,7.5,15.6,.481,2.3,5.9,.382,5.2,9.6,.543,.554,3.1,4.3,.724,1.1,5.3,6.4,2.1,1.1,0.4,2.2,2.9,20.3
Jalen Brunson,PG,23,DAL,57,16,17.9,3.2,6.8,.466,0.8,2.1,.358,2.4,4.7,.515,.522,1.1,1.3,.813,0.4,2.0,2.4,3.3,0.4,0.1,1.2,1.3,8.2
Trey Burke,PG,27,DAL,8,1,23.9,4.4,10.3,.427,2.0,4.6,.432,2.4,5.6,.422,.524,1.3,1.4,.909,0.1,1.8,1.9,3.8,1.1,0.1,1.1,1.5,12.0
Alec Burks,SF,28,GSW,48,18,29.0,5.1,12.5,.406,1.8,4.7,.375,3.3,7.9,.424,.476,4.2,4.7,.897,0.8,3.9,4.7,3.1,1.0,0.4,1.6,2.2,16.1
Jimmy Butler,SF,30,MIA,58,58,33.8,5.9,13.1,.455,0.5,2.1,.244,5.4,11.0,.495,.474,7.6,9.1,.834,1.8,4.8,6.7,6.0,1.8,0.6,2.2,1.4,19.9
Bruno Caboclo,C,24,MEM,22,0,8.7,1.3,3.1,.406,0.2,1.1,.160,1.1,2.0,.545,.435,0.1,0.1,.667,0.8,1.2,2.0,0.5,0.5,0.5,0.3,1.0,2.8
Bruno Caboclo,C,24,HOU,8,0,6.5,1.3,2.5,.500,0.3,1.0,.250,1.0,1.5,.667,.550,0.8,0.8,1.000,0.8,1.3,2.0,0.3,0.6,0.6,0.8,1.0,3.5
Devontae Cacok,C,23,LAL,1,0,9.0,3.0,6.0,.500,0.0,0.0,0,3.0,6.0,.500,.500,0.0,0.0,0,2.0,3.0,5.0,1.0,0.0,0.0,0.0,0.0,6.0
Kentavious Caldwell-Pope,SG,26,LAL,69,26,25.5,3.4,7.3,.467,1.3,3.5,.385,2.1,3.9,.541,.558,1.1,1.5,.775,0.6,1.5,2.1,1.6,0.8,0.2,0.9,1.9,9.3
Vlatko Čančar,PF,22,DEN,14,0,3.2,0.4,1.1,.400,0.1,0.4,.167,0.4,0.6,.556,.433,0.3,0.3,1.000,0.4,0.4,0.7,0.2,0.1,0.1,0.2,0.5,1.2
Clint Capela,C,25,HOU,39,39,32.8,6.3,9.9,.629,0.0,0.0,0,6.3,9.9,.629,.629,1.4,2.7,.529,4.3,9.5,13.8,1.2,0.8,1.8,1.6,2.6,13.9
DeMarre Carroll,C,33,HOU,9,0,17.2,1.8,4.1,.432,0.6,2.2,.250,1.2,1.9,.647,.500,1.9,2.4,.773,0.6,2.1,2.7,1.6,0.7,0.3,0.8,1.3,6.0
Vince Carter,PF,43,ATL,60,0,14.6,1.8,5.1,.352,1.0,3.4,.302,0.8,1.7,.451,.452,0.4,0.5,.793,0.3,1.8,2.1,0.8,0.4,0.4,0.6,1.5,5.0
Wendell Carter Jr.,C,20,CHI,43,43,29.2,4.3,8.0,.534,0.1,0.7,.207,4.1,7.3,.564,.542,2.6,3.5,.737,3.2,6.2,9.4,1.2,0.8,0.8,1.7,3.8,11.3
Alex Caruso,PG,25,LAL,64,2,18.4,1.9,4.5,.412,0.6,1.9,.333,1.3,2.7,.468,.481,1.1,1.5,.734,0.3,1.7,1.9,1.9,1.1,0.3,0.8,1.5,5.5
Willie Cauley-Stein,C,26,GSW,41,37,22.9,3.5,6.3,.560,0.0,0.0,0,3.5,6.3,.560,.560,0.9,1.4,.614,1.7,4.5,6.2,1.5,1.1,1.2,0.9,2.5,7.9
Willie Cauley-Stein,C,26,DAL,13,2,12.1,2.4,3.5,.689,0.0,0.1,.000,2.4,3.4,.705,.689,0.4,0.7,.556,1.0,3.6,4.6,0.8,0.3,0.8,0.4,1.5,5.2
Tyson Chandler,C,37,HOU,26,5,8.4,0.5,0.7,.778,0.0,0.0,0,0.5,0.7,.778,.778,0.2,0.5,.462,1.0,1.6,2.5,0.2,0.2,0.3,0.3,1.2,1.3
Wilson Chandler,PF,32,BRK,35,3,21.0,2.1,5.2,.404,1.1,3.5,.306,1.1,1.8,.597,.505,0.6,0.7,.870,0.3,3.8,4.1,1.1,0.5,0.3,1.0,2.3,5.9
Joe Chealey,PG,24,CHO,4,0,8.3,0.0,1.8,.000,0.0,1.0,.000,0.0,0.8,.000,.000,0.5,0.5,1.000,0.0,0.0,0.0,0.3,1.0,0.0,0.5,0.5,0.5
Chris Chiozza,PG,24,BRK,18,2,15.4,2.5,5.9,.425,1.1,3.1,.357,1.4,2.8,.500,.519,0.3,0.3,1.000,0.5,1.6,2.1,3.1,0.6,0.1,1.3,1.4,6.4
Marquese Chriss,PF,22,GSW,59,21,20.3,3.6,6.5,.545,0.1,0.7,.205,3.4,5.9,.584,.556,2.0,2.6,.769,1.9,4.3,6.2,1.9,0.7,1.1,1.3,2.1,9.3
Gary Clark,PF,25,HOU,18,0,11.8,1.3,3.3,.390,1.0,2.8,.353,0.3,0.4,.625,.542,0.3,0.4,.857,0.6,1.6,2.2,0.7,0.1,0.4,0.1,1.2,3.9
Brandon Clarke,PF,23,MEM,58,4,22.4,5.1,8.3,.618,0.4,1.1,.359,4.7,7.2,.658,.642,1.5,1.9,.759,1.6,4.4,5.9,1.4,0.6,0.8,0.9,1.7,12.1
Jordan Clarkson,SG,27,CLE,29,0,23.0,5.0,11.2,.442,2.0,5.5,.371,2.9,5.8,.509,.532,2.6,3.0,.884,0.7,1.7,2.4,2.4,0.6,0.3,1.3,1.1,14.6
Nicolas Claxton,C,20,BRK,15,0,12.5,1.8,3.2,.563,0.1,0.5,.143,1.7,2.7,.634,.573,0.7,1.4,.524,1.3,1.7,2.9,1.1,0.1,0.5,0.6,0.9,4.4
Chris Clemons,SG,22,HOU,33,0,8.8,1.7,4.3,.401,1.1,3.2,.346,0.6,1.1,.571,.532,0.3,0.3,.909,0.1,0.8,0.9,0.8,0.3,0.2,0.6,0.8,4.9
Antonius Cleveland,SG,25,DAL,11,0,4.2,0.4,1.3,.286,0.0,0.3,.000,0.4,1.0,.364,.286,0.3,0.5,.600,0.2,0.5,0.6,0.1,0.1,0.3,0.2,0.7,1.0
Amir Coffey,SG,22,LAC,18,1,8.8,1.3,3.0,.426,0.3,1.1,.316,0.9,1.9,.486,.481,0.3,0.6,.545,0.2,0.7,0.9,0.8,0.3,0.1,0.4,1.1,3.2
John Collins,PF,22,ATL,41,41,33.2,8.6,14.8,.583,1.4,3.6,.401,7.2,11.2,.642,.632,2.9,3.7,.800,2.8,7.3,10.1,1.5,0.8,1.6,1.8,3.4,21.6
Quinn Cook,PG,26,LAL,44,1,11.5,2.1,4.9,.425,0.7,1.9,.365,1.4,2.9,.465,.498,0.3,0.3,.786,0.3,0.9,1.2,1.1,0.3,0.0,0.8,0.6,5.1
Tyler Cook,PF,22,CLE,11,0,3.2,0.6,0.9,.700,0.0,0.0,0,0.6,0.9,.700,.700,0.5,0.5,.833,0.4,0.5,0.9,0.1,0.1,0.0,0.1,0.4,1.7
Tyler Cook,SF,22,DEN,2,0,9.5,0.5,1.0,.500,0.0,0.0,0,0.5,1.0,.500,.500,1.0,1.0,1.000,1.0,1.0,2.0,0.0,1.0,0.0,1.0,0.5,2.0
Robert Covington,PF,29,MIN,48,47,29.4,4.5,10.3,.435,2.3,6.5,.346,2.3,3.8,.587,.544,1.6,2.0,.798,0.8,5.2,6.0,1.2,1.7,0.9,1.5,3.1,12.8
Robert Covington,C,29,HOU,22,21,33.0,4.0,10.3,.392,2.4,7.6,.315,1.6,2.7,.610,.509,1.1,1.4,.800,1.2,6.8,8.0,1.5,1.6,2.2,1.4,3.3,11.6
Allen Crabbe,SG,27,ATL,28,1,18.6,1.9,5.1,.364,1.1,3.3,.323,0.8,1.8,.440,.469,0.3,0.4,.750,0.4,2.0,2.3,1.0,0.5,0.1,0.4,1.3,5.1
Allen Crabbe,SF,27,MIN,9,0,14.6,1.2,3.8,.324,0.7,2.9,.231,0.6,0.9,.625,.412,0.1,0.2,.500,0.1,1.2,1.3,0.6,0.0,0.0,0.6,1.2,3.2
Torrey Craig,SF,29,DEN,58,27,18.5,2.1,4.6,.461,0.8,2.4,.326,1.4,2.3,.603,.545,0.4,0.6,.611,1.1,2.2,3.3,0.8,0.4,0.6,0.4,2.3,5.4
Jamal Crawford,SG,39,BRK,1,0,6.0,2.0,4.0,.500,1.0,2.0,.500,1.0,2.0,.500,.625,0.0,0.0,0,0.0,0.0,0.0,3.0,0.0,0.0,0.0,1.0,5.0
Jae Crowder,SF,29,MEM,45,45,29.4,3.3,8.9,.368,1.7,5.9,.293,1.5,3.0,.519,.466,1.7,2.1,.789,0.9,5.3,6.2,2.8,1.0,0.3,1.2,1.9,9.9
Jae Crowder,PF,29,MIA,20,8,27.7,4.0,8.2,.482,2.9,6.4,.445,1.1,1.8,.611,.655,1.1,1.5,.733,0.6,4.8,5.4,1.8,1.3,0.5,0.8,2.9,11.9
Jarrett Culver,SG,20,MIN,63,35,23.9,3.7,9.0,.404,1.0,3.5,.299,2.6,5.5,.471,.462,0.9,1.9,.462,1.1,2.3,3.4,1.7,0.9,0.6,1.3,2.0,9.2
Seth Curry,SG,29,DAL,64,25,24.6,4.4,9.0,.495,2.3,5.0,.452,2.2,4.0,.549,.621,1.3,1.5,.825,0.4,1.8,2.3,1.9,0.6,0.1,1.0,1.8,12.4
Stephen Curry,PG,31,GSW,5,5,27.8,6.6,16.4,.402,2.4,9.8,.245,4.2,6.6,.636,.476,5.2,5.2,1.000,0.8,4.4,5.2,6.6,1.0,0.4,3.2,2.2,20.8
Troy Daniels,SG,28,LAL,41,0,11.1,1.5,3.9,.392,1.0,2.7,.357,0.5,1.1,.478,.519,0.2,0.4,.625,0.3,0.8,1.1,0.3,0.2,0.1,0.2,0.7,4.2
Troy Daniels,SG,28,DEN,6,0,12.7,1.7,4.7,.357,1.0,3.3,.300,0.7,1.3,.500,.464,0.0,0.0,0,0.0,1.0,1.0,0.5,0.5,0.0,0.5,1.2,4.3
Anthony Davis,PF,26,LAL,62,62,34.4,8.9,17.7,.503,1.2,3.5,.330,7.7,14.2,.546,.536,7.2,8.5,.846,2.3,7.0,9.3,3.2,1.5,2.3,2.5,2.5,26.1
Dewayne Dedmon,C,30,ATL,10,8,23.3,3.3,8.4,.393,0.8,3.6,.222,2.5,4.8,.521,.440,0.7,0.8,.875,1.4,6.8,8.2,0.7,1.0,1.5,1.0,4.0,8.1
Matthew Dellavedova,PG,29,CLE,57,4,14.4,1.1,3.1,.354,0.4,1.6,.231,0.7,1.5,.488,.414,0.6,0.6,.865,0.3,1.0,1.3,3.2,0.4,0.0,1.0,1.4,3.1
Gorgui Dieng,C,30,MIN,46,17,16.9,2.7,6.0,.448,1.0,2.6,.383,1.7,3.4,.497,.531,1.0,1.3,.797,1.6,4.0,5.6,1.3,0.8,0.9,1.0,1.9,7.4
Gorgui Dieng,C,30,MEM,17,0,18.7,2.5,5.1,.483,0.5,1.9,.250,2.0,3.2,.618,.529,1.8,2.5,.738,1.1,4.7,5.8,0.9,0.8,1.0,0.9,2.1,7.2
Spencer Dinwiddie,PG,26,BRK,64,49,31.2,6.6,16.0,.415,1.9,6.3,.308,4.7,9.7,.485,.476,5.4,7.0,.778,0.5,3.0,3.5,6.8,0.6,0.3,2.7,2.8,20.6
Luka Dončić,PG,20,DAL,61,61,33.6,9.5,20.6,.463,2.8,8.9,.316,6.7,11.7,.574,.531,7.0,9.2,.758,1.3,8.1,9.4,8.8,1.0,0.2,4.3,2.5,28.8
Sekou Doumbouya,PF,19,DET,38,19,19.8,2.4,6.2,.390,0.7,2.6,.286,1.7,3.6,.464,.449,0.8,1.2,.674,0.5,2.6,3.1,0.5,0.5,0.2,0.9,2.1,6.4
PJ Dozier,SG,23,DEN,29,0,14.2,2.2,5.4,.414,0.6,1.7,.347,1.7,3.7,.444,.468,0.7,1.0,.724,0.3,1.6,1.9,2.2,0.5,0.2,0.9,1.6,5.8
Goran Dragić,PG,33,MIA,59,3,28.2,5.4,12.3,.441,2.1,5.7,.367,3.3,6.5,.505,.526,3.2,4.2,.776,0.5,2.7,3.2,5.1,0.7,0.2,2.4,2.1,16.2
Andre Drummond,C,26,DET,49,48,33.8,7.3,13.9,.530,0.0,0.4,.048,7.3,13.4,.546,.531,3.0,5.2,.584,4.6,11.2,15.8,2.8,2.0,1.7,3.6,3.6,17.8
Andre Drummond,C,26,CLE,8,8,28.1,7.3,13.1,.552,0.5,1.8,.286,6.8,11.4,.593,.571,2.5,4.9,.513,3.0,8.1,11.1,1.8,1.5,1.4,3.6,3.1,17.5
Jared Dudley,PF,34,LAL,45,1,8.1,0.5,1.3,.400,0.4,0.9,.429,0.1,0.4,.333,.550,0.0,0.0,1.000,0.1,1.0,1.2,0.6,0.3,0.1,0.2,0.9,1.5
Kris Dunn,PG,25,CHI,51,32,24.9,3.0,6.7,.444,0.6,2.2,.259,2.4,4.5,.535,.487,0.8,1.1,.741,0.5,3.2,3.6,3.4,2.0,0.3,1.3,3.1,7.3
Carsen Edwards,SG,21,BOS,37,0,9.5,1.1,3.5,.328,0.6,2.1,.316,0.5,1.4,.346,.422,0.4,0.5,.684,0.2,1.1,1.3,0.6,0.3,0.1,0.4,0.9,3.3
Henry Ellenson,C,23,BRK,5,0,3.0,0.2,1.4,.143,0.0,0.8,.000,0.2,0.6,.333,.143,0.0,0.0,0,0.4,0.8,1.2,0.2,0.0,0.0,0.0,0.2,0.4
Jacob Evans,SG,22,GSW,27,1,15.3,1.7,4.9,.338,0.5,1.4,.342,1.2,3.5,.337,.387,0.9,1.1,.862,0.3,1.2,1.5,1.1,0.4,0.4,0.9,1.5,4.7
Jacob Evans,SG,22,MIN,2,0,2.0,0.0,0.5,.000,0.0,0.5,.000,0.0,0.0,0,.000,0.0,0.0,0,0.0,0.0,0.0,0.0,0.0,0.0,0.0,0.0,0.0
Dante Exum,SG,24,CLE,24,1,16.8,1.9,4.0,.479,0.5,1.5,.351,1.4,2.5,.559,.547,1.3,1.7,.732,0.4,1.9,2.3,1.4,0.5,0.3,0.9,1.3,5.6
Tacko Fall,C,24,BOS,7,0,4.7,1.6,2.0,.786,0.0,0.0,0,1.6,2.0,.786,.786,0.1,0.4,.333,0.1,2.0,2.1,0.1,0.1,0.6,0.4,1.0,3.3
Cristiano Felício,C,27,CHI,22,0,17.5,1.5,2.5,.630,0.0,0.1,.000,1.5,2.4,.654,.630,0.8,1.0,.783,2.5,2.1,4.6,0.7,0.5,0.1,0.8,1.5,3.9
Bruno Fernando,C,21,ATL,56,13,12.7,1.8,3.6,.518,0.1,0.7,.135,1.8,2.9,.605,.530,0.5,0.9,.569,1.2,2.3,3.5,0.9,0.3,0.3,0.8,1.9,4.3
Dorian Finney-Smith,PF,26,DAL,71,68,29.9,3.4,7.4,.466,1.6,4.3,.376,1.8,3.1,.589,.575,1.1,1.5,.722,2.0,3.7,5.7,1.6,0.6,0.5,1.0,2.5,9.5
Michael Frazier,SG,25,HOU,13,0,11.2,0.5,2.2,.241,0.3,1.8,.174,0.2,0.5,.500,.310,0.7,1.1,.643,0.1,0.7,0.8,0.2,0.2,0.0,0.4,1.7,2.1
Tim Frazier,PG,29,DET,27,11,13.1,1.3,3.5,.362,0.4,1.1,.333,0.9,2.4,.375,.415,0.7,0.9,.792,0.3,0.9,1.2,3.4,0.5,0.1,1.3,1.6,3.6
Daniel Gafford,C,21,CHI,43,7,14.2,2.2,3.1,.701,0.0,0.0,0,2.2,3.1,.701,.701,0.7,1.4,.533,1.2,1.3,2.5,0.5,0.3,1.3,0.7,2.3,5.1
Langston Galloway,SG,28,DET,66,6,25.8,3.6,8.2,.435,2.0,5.0,.399,1.6,3.2,.493,.557,1.1,1.3,.859,0.5,1.8,2.3,1.5,0.7,0.2,0.6,1.5,10.3
Darius Garland,SG,20,CLE,59,59,30.9,4.7,11.8,.401,1.8,5.0,.355,3.0,6.8,.434,.476,1.1,1.2,.875,0.5,1.4,1.9,3.9,0.7,0.1,2.6,1.6,12.3
Paul George,SF,29,LAC,48,48,29.6,7.1,16.3,.439,3.3,7.9,.412,3.9,8.4,.464,.539,4.0,4.5,.876,0.5,5.2,5.7,3.9,1.4,0.4,2.6,2.4,21.5
Brandon Goodwin,PG,24,ATL,34,1,12.6,2.2,5.6,.400,0.8,2.6,.299,1.5,3.0,.485,.468,0.8,0.9,.933,0.3,1.8,2.1,1.5,0.4,0.1,0.9,1.3,6.1
Eric Gordon,SF,31,HOU,36,15,28.2,4.8,12.9,.369,2.7,8.4,.317,2.1,4.4,.469,.473,2.3,3.0,.766,0.3,1.7,2.0,1.5,0.6,0.4,1.2,1.9,14.4
Devonte' Graham,PG,24,CHO,63,53,35.1,5.8,15.3,.382,3.5,9.3,.373,2.4,6.0,.397,.495,3.0,3.7,.820,0.7,2.7,3.4,7.5,1.0,0.2,2.9,1.8,18.2
Treveon Graham,SF,26,MIN,33,20,20.1,1.9,5.3,.354,0.6,2.5,.241,1.3,2.8,.457,.411,0.8,1.1,.730,0.9,2.2,3.0,0.9,0.5,0.1,0.6,2.0,5.2
Treveon Graham,SF,26,ATL,22,0,12.1,1.1,3.0,.373,0.6,1.7,.351,0.5,1.4,.400,.470,0.4,0.9,.474,1.0,1.3,2.3,0.7,0.3,0.2,0.5,1.6,3.3
Jerami Grant,PF,25,DEN,71,24,26.6,4.3,8.9,.478,1.4,3.5,.389,2.9,5.4,.537,.555,2.1,2.8,.750,0.8,2.7,3.5,1.2,0.7,0.8,0.9,2.2,12.0
Danny Green,SG,32,LAL,68,68,24.8,2.9,7.0,.416,1.8,4.8,.367,1.1,2.2,.524,.542,0.5,0.7,.688,0.8,2.6,3.3,1.3,1.3,0.5,0.9,2.0,8.0
Draymond Green,PF,29,GSW,43,43,28.4,2.9,7.3,.389,0.8,3.0,.279,2.0,4.3,.465,.446,1.5,1.9,.759,0.5,5.7,6.2,6.2,1.4,0.8,2.3,2.6,8.0
JaMychal Green,PF,29,LAC,63,1,20.7,2.4,5.6,.429,1.5,3.8,.387,0.9,1.8,.518,.560,0.6,0.8,.750,1.2,4.9,6.2,0.8,0.5,0.4,0.9,2.8,6.8
Javonte Green,SG,26,BOS,48,2,9.8,1.3,2.6,.500,0.2,0.7,.273,1.1,1.9,.581,.536,0.6,0.9,.667,0.5,1.4,1.9,0.5,0.5,0.2,0.5,0.9,3.4
Jeff Green,C,33,HOU,18,2,22.6,4.7,8.3,.564,1.6,4.4,.354,3.1,3.9,.800,.658,1.3,1.6,.857,0.6,2.3,2.9,1.7,0.8,0.5,0.8,2.4,12.2
Blake Griffin,PF,30,DET,18,18,28.4,4.9,13.9,.352,1.5,6.2,.243,3.4,7.7,.439,.406,4.2,5.4,.776,0.9,3.7,4.7,3.3,0.4,0.4,2.2,1.5,15.5
Marko Guduric,SG,24,MEM,44,0,11.0,1.4,3.6,.395,0.6,1.9,.301,0.8,1.7,.500,.475,0.5,0.6,.923,0.3,1.3,1.7,1.0,0.3,0.2,0.8,0.8,3.9
Donta Hall,PF,22,DET,4,0,12.0,0.3,1.0,.250,0.0,0.0,0,0.3,1.0,.250,.250,1.0,1.5,.667,1.5,2.3,3.8,0.5,0.3,0.3,0.5,2.3,1.5
Donta Hall,C,22,BRK,5,0,17.0,2.8,3.6,.778,0.0,0.0,0,2.8,3.6,.778,.778,1.0,2.4,.417,1.6,3.0,4.6,0.4,0.4,1.0,0.6,2.8,6.6
Dusty Hannahs,SG,26,MEM,2,0,6.5,2.0,4.5,.444,1.0,1.5,.667,1.0,3.0,.333,.556,1.0,1.0,1.000,0.0,0.5,0.5,0.0,0.0,0.0,0.0,0.5,6.0
Tim Hardaway Jr.,SG,27,DAL,71,58,29.5,5.4,12.5,.434,2.9,7.2,.398,2.5,5.2,.485,.550,2.1,2.6,.819,0.4,2.9,3.3,1.9,0.6,0.1,1.0,1.8,15.8
James Harden,SG,30,HOU,68,68,36.5,9.9,22.3,.444,4.4,12.4,.355,5.5,9.9,.556,.543,10.2,11.8,.865,1.0,5.5,6.6,7.5,1.8,0.9,4.5,3.3,34.3
Maurice Harkless,PF,26,LAC,50,38,22.8,2.2,4.3,.516,0.5,1.5,.370,1.7,2.9,.590,.578,0.5,0.8,.571,0.9,3.1,4.0,1.0,1.0,0.6,0.9,2.4,5.5
Montrezl Harrell,C,26,LAC,63,2,27.8,7.5,12.9,.580,0.0,0.3,.000,7.5,12.6,.593,.580,3.7,5.6,.658,2.6,4.5,7.1,1.7,0.6,1.1,1.7,2.3,18.6
Gary Harris,SG,25,DEN,56,55,31.8,3.9,9.3,.420,1.3,3.8,.333,2.6,5.5,.479,.487,1.3,1.6,.815,0.5,2.4,2.9,2.1,1.4,0.3,1.1,2.1,10.4
Joe Harris,SF,28,BRK,69,69,30.8,5.5,11.4,.486,2.5,5.9,.424,3.0,5.5,.553,.596,0.9,1.3,.719,0.9,3.4,4.3,2.1,0.6,0.2,1.5,2.3,14.5
Shaquille Harrison,SG,26,CHI,43,10,11.3,1.8,3.8,.467,0.4,1.0,.381,1.4,2.9,.496,.515,0.9,1.2,.780,0.5,1.5,2.0,1.1,0.8,0.4,0.4,1.3,4.9
Isaiah Hartenstein,C,21,HOU,23,2,11.6,1.9,2.9,.657,0.0,0.2,.000,1.9,2.7,.710,.657,0.8,1.2,.679,1.3,2.7,3.9,0.8,0.4,0.5,0.7,1.8,4.7
Udonis Haslem,C,39,MIA,4,1,11.0,1.0,2.8,.364,0.3,0.8,.333,0.8,2.0,.375,.409,0.8,1.0,.750,0.3,3.8,4.0,0.3,0.0,0.0,0.3,1.5,3.0
Gordon Hayward,SF,29,BOS,52,52,33.5,6.7,13.5,.500,1.6,4.3,.383,5.1,9.2,.554,.561,2.4,2.8,.855,1.1,5.6,6.7,4.1,0.7,0.4,1.8,1.8,17.5
John Henson,C,29,CLE,29,2,14.2,2.1,4.1,.508,0.2,1.1,.194,1.9,3.1,.618,.533,0.6,1.1,.515,1.1,2.8,3.9,1.5,0.6,1.1,0.7,1.9,5.0
John Henson,C,29,DET,11,6,17.1,3.1,4.6,.667,0.2,0.5,.400,2.9,4.2,.696,.686,0.5,1.2,.462,1.3,3.1,4.4,1.0,0.7,0.9,1.4,2.1,6.9
Juan Hernangómez,PF,24,DEN,34,0,12.4,1.1,3.2,.345,0.4,1.8,.250,0.7,1.5,.460,.414,0.5,0.7,.640,0.7,2.1,2.8,0.6,0.1,0.1,0.5,0.9,3.1
Juan Hernangómez,PF,24,MIN,14,14,29.4,4.4,9.8,.453,2.1,4.9,.420,2.4,4.9,.485,.558,2.0,3.3,.609,1.4,5.9,7.3,1.3,1.0,0.3,1.0,2.5,12.9
Willy Hernangómez,C,25,CHO,31,0,12.1,2.4,4.5,.532,0.2,0.7,.227,2.2,3.8,.590,.550,1.2,1.9,.627,1.4,2.9,4.3,0.9,0.3,0.2,1.0,1.0,6.1
Tyler Herro,SG,20,MIA,55,8,27.4,4.9,11.5,.428,2.1,5.4,.389,2.8,6.1,.462,.520,1.6,1.8,.870,0.3,3.8,4.1,2.2,0.6,0.2,1.6,1.4,13.5
Solomon Hill,PF,28,MEM,48,3,18.8,2.0,4.9,.412,1.2,3.1,.381,0.8,1.8,.465,.532,0.5,0.8,.684,0.5,2.5,3.0,2.0,0.6,0.1,0.8,1.5,5.7
Solomon Hill,PF,28,MIA,11,1,17.0,1.3,4.1,.311,0.6,2.2,.292,0.6,1.9,.333,.389,1.3,1.5,.875,0.5,1.5,1.9,0.9,1.1,0.5,1.0,1.1,4.5
Aaron Holiday,PG,23,IND,66,33,24.5,3.5,8.5,.414,1.3,3.3,.394,2.2,5.2,.427,.491,1.1,1.3,.851,0.3,2.0,2.4,3.4,0.8,0.2,1.3,1.8,9.5
Justin Holiday,SF,30,IND,73,6,25.0,2.8,6.7,.428,1.8,4.5,.405,1.0,2.1,.477,.566,0.7,0.9,.791,0.4,2.8,3.3,1.3,1.2,0.6,0.6,1.9,8.3
Talen Horton-Tucker,SG,19,LAL,6,1,13.5,2.3,5.0,.467,0.7,2.2,.308,1.7,2.8,.588,.533,0.3,0.7,.500,0.3,0.8,1.2,1.0,1.3,0.2,1.0,1.7,5.7
Danuel House,SF,26,HOU,63,52,30.4,3.7,8.6,.427,2.0,5.6,.363,1.6,2.9,.549,.546,1.2,1.4,.811,0.9,3.3,4.2,1.3,1.1,0.5,0.9,2.1,10.5
Dwight Howard,C,34,LAL,69,2,18.9,2.9,4.0,.729,0.0,0.1,.600,2.9,3.9,.732,.735,1.6,3.1,.514,2.5,4.9,7.3,0.7,0.4,1.1,1.2,3.2,7.5
William Howard,PF,26,HOU,2,0,6.5,0.0,2.0,.000,0.0,2.0,.000,0.0,0.0,0,.000,0.0,0.0,0,0.0,1.0,1.0,0.5,0.0,0.0,0.5,0.5,0.0
Kevin Huerter,SG,21,ATL,56,48,31.4,4.5,10.9,.413,2.3,6.0,.380,2.2,4.9,.453,.517,0.9,1.1,.828,0.6,3.4,4.1,3.8,0.9,0.5,1.6,2.5,12.2
De'Andre Hunter,SF,22,ATL,63,62,32.0,4.4,10.8,.410,1.7,4.8,.355,2.7,6.0,.454,.489,1.7,2.3,.764,0.7,3.8,4.5,1.8,0.7,0.3,1.6,2.9,12.3
Chandler Hutchison,SF,23,CHI,28,10,18.8,2.9,6.3,.457,0.4,1.4,.316,2.4,4.9,.496,.491,1.6,2.8,.590,0.6,3.2,3.9,0.9,1.0,0.3,1.0,1.7,7.8
Andre Iguodala,SF,36,MIA,21,0,19.9,1.8,4.2,.432,0.7,2.2,.298,1.1,2.0,.585,.511,0.3,0.7,.400,0.8,2.9,3.7,2.4,0.7,1.0,1.2,1.7,4.6
Kyrie Irving,PG,27,BRK,20,20,32.9,10.0,20.8,.478,2.8,7.1,.394,7.2,13.7,.522,.546,4.7,5.1,.922,1.1,4.1,5.2,6.4,1.4,0.5,2.6,2.7,27.4
Jaren Jackson Jr.,C,20,MEM,57,57,28.5,6.2,13.2,.469,2.5,6.5,.394,3.6,6.8,.540,.565,2.4,3.3,.747,1.0,3.6,4.6,1.4,0.7,1.6,1.7,4.1,17.4
Josh Jackson,SF,22,MEM,22,0,17.3,3.2,7.2,.440,1.0,3.3,.319,2.1,4.0,.540,.513,1.6,2.3,.700,0.5,2.5,3.0,1.6,0.8,0.4,1.3,1.8,9.0
Justin Jackson,PF,24,DAL,65,3,16.1,2.1,5.2,.396,0.7,2.5,.294,1.3,2.7,.489,.466,0.6,0.8,.840,0.4,2.0,2.4,0.8,0.2,0.2,0.2,1.1,5.5
Reggie Jackson,PG,29,DET,14,10,27.2,5.4,14.1,.384,2.2,5.9,.378,3.2,8.3,.388,.462,1.9,2.4,.788,0.8,2.1,2.9,5.1,0.6,0.1,1.6,1.5,14.9
Reggie Jackson,SG,29,LAC,17,6,21.3,3.4,7.5,.453,1.5,3.7,.413,1.9,3.8,.492,.555,1.1,1.2,.905,0.4,2.6,3.0,3.2,0.3,0.2,1.6,2.2,9.5
LeBron James,PG,35,LAL,67,67,34.6,9.6,19.4,.493,2.2,6.3,.348,7.4,13.1,.564,.550,3.9,5.7,.693,1.0,6.9,7.8,10.2,1.2,0.5,3.9,1.8,25.3
Alize Johnson,PF,23,IND,17,1,6.9,0.7,1.7,.414,0.2,0.5,.375,0.5,1.2,.429,.466,0.4,0.6,.700,0.9,1.9,2.8,0.4,0.2,0.1,0.4,0.7,2.0
James Johnson,PF,32,MIA,18,0,15.6,2.2,4.8,.448,0.9,2.5,.356,1.3,2.3,.548,.540,0.4,0.8,.571,0.4,2.4,2.9,1.2,0.3,0.7,0.8,1.9,5.7
James Johnson,C,32,MIN,14,1,24.1,4.6,9.1,.500,1.2,3.3,.370,3.4,5.9,.573,.566,1.6,2.4,.676,1.2,3.5,4.7,3.8,1.4,1.4,2.4,3.3,12.0
Tyler Johnson,SG,27,BRK,8,4,24.3,4.0,9.9,.405,1.8,4.5,.389,2.3,5.4,.419,.494,2.3,2.3,1.000,1.0,2.0,3.0,3.0,0.5,0.1,0.6,1.9,12.0
Nikola Jokić,C,24,DEN,73,73,32.0,7.7,14.7,.528,1.1,3.5,.314,6.6,11.2,.594,.565,3.4,4.1,.817,2.3,7.5,9.7,7.0,1.2,0.6,3.1,3.0,19.9
Damian Jones,C,24,ATL,55,27,16.1,2.2,3.2,.680,0.0,0.2,.222,2.2,3.1,.704,.685,1.1,1.5,.738,1.3,2.4,3.7,0.6,0.5,0.7,0.5,2.7,5.6
Derrick Jones Jr.,SF,22,MIA,59,16,23.3,3.1,5.9,.527,0.6,2.2,.280,2.5,3.7,.677,.580,1.6,2.1,.772,1.1,2.8,3.9,1.1,1.0,0.6,0.5,2.2,8.5
Tyus Jones,PG,23,MEM,65,6,19.0,3.0,6.6,.459,0.7,1.9,.379,2.3,4.7,.492,.514,0.7,0.9,.741,0.1,1.4,1.6,4.4,0.9,0.1,0.8,0.7,7.4
DeAndre Jordan,C,31,BRK,56,6,22.0,3.4,5.1,.666,0.0,0.0,0,3.4,5.1,.666,.666,1.5,2.2,.680,2.5,7.5,10.0,1.9,0.3,0.9,1.3,2.0,8.3
Mfiondu Kabengele,C,22,LAC,12,0,5.3,1.2,2.7,.438,0.8,1.7,.450,0.4,1.0,.417,.578,0.4,0.4,1.000,0.1,0.8,0.9,0.2,0.2,0.2,0.2,0.8,3.5
Enes Kanter,C,27,BOS,58,7,16.9,3.4,6.0,.572,0.0,0.1,.143,3.4,5.9,.581,.573,1.2,1.7,.707,2.8,4.6,7.4,1.0,0.4,0.7,1.0,1.7,8.1
Luke Kennard,SG,23,DET,28,25,32.9,5.4,12.2,.442,2.6,6.5,.399,2.8,5.7,.491,.548,2.4,2.7,.893,0.3,3.2,3.5,4.1,0.4,0.2,1.5,2.3,15.8
Michael Kidd-Gilchrist,PF,26,CHO,12,0,13.3,1.5,4.4,.340,0.4,1.4,.294,1.1,3.0,.361,.387,0.6,0.8,.778,0.8,2.2,2.9,0.8,0.0,0.3,0.6,1.5,4.0
Michael Kidd-Gilchrist,PF,26,DAL,13,0,9.3,0.3,1.0,.308,0.0,0.2,.000,0.3,0.8,.400,.308,0.3,0.4,.800,0.4,2.1,2.5,0.3,0.2,0.2,0.7,1.5,0.9
Louis King,SF,20,DET,10,0,6.2,0.8,2.1,.381,0.4,1.1,.364,0.4,1.0,.400,.476,0.0,0.3,.000,0.1,0.9,1.0,0.5,0.2,0.0,0.2,1.0,2.0
Maxi Kleber,PF,28,DAL,74,21,25.5,3.2,6.9,.461,1.6,4.3,.373,1.6,2.6,.605,.577,1.1,1.3,.849,1.5,3.7,5.2,1.2,0.3,1.1,0.8,2.4,9.1
Brandon Knight,SG,28,CLE,16,0,15.1,1.8,5.4,.326,1.2,4.0,.297,0.6,1.4,.409,.436,0.3,0.8,.308,0.2,1.1,1.3,1.9,0.3,0.1,1.0,1.3,4.9
Brandon Knight,PG,28,DET,9,3,24.6,3.4,9.0,.383,2.9,7.4,.388,0.6,1.6,.357,.543,1.8,2.3,.762,0.1,2.2,2.3,4.2,0.6,0.1,2.4,2.2,11.6
John Konchar,SG,23,MEM,19,0,9.5,1.3,1.9,.649,0.3,0.5,.500,1.0,1.4,.704,.716,0.1,0.1,.500,0.9,1.5,2.5,1.2,0.4,0.2,0.4,0.4,2.8
Luke Kornet,C,24,CHI,36,14,15.5,2.3,5.2,.439,0.9,3.0,.287,1.4,2.2,.646,.521,0.6,0.8,.714,0.6,1.7,2.3,0.9,0.3,0.7,0.4,1.5,6.0
Rodions Kurucs,PF,21,BRK,47,9,14.6,1.7,3.8,.446,0.7,1.9,.367,1.0,1.9,.529,.540,0.5,0.8,.632,0.5,2.4,2.9,1.1,0.5,0.1,1.0,1.9,4.6
Kyle Kuzma,PF,24,LAL,61,9,25.0,4.8,11.0,.436,1.4,4.5,.316,3.4,6.5,.518,.500,1.9,2.5,.735,0.9,3.6,4.5,1.3,0.5,0.4,1.5,2.1,12.8
Jeremy Lamb,SG,27,IND,46,42,28.1,4.7,10.4,.451,1.2,3.4,.335,3.5,7.0,.508,.506,2.0,2.4,.836,0.5,3.8,4.3,2.1,1.2,0.5,1.1,2.3,12.5
Romeo Langford,SG,20,BOS,32,2,11.6,0.9,2.5,.350,0.2,0.8,.185,0.7,1.7,.434,.381,0.6,0.8,.720,0.5,0.8,1.3,0.4,0.3,0.3,0.3,1.0,2.5
Zach LaVine,SG,24,CHI,60,60,34.8,9.0,20.0,.450,3.1,8.1,.380,5.9,11.9,.497,.526,4.5,5.6,.802,0.7,4.1,4.8,4.2,1.5,0.5,3.4,2.2,25.5
Jake Layman,SF,25,MIN,23,2,22.0,3.5,7.8,.453,1.0,3.1,.333,2.5,4.7,.533,.520,1.0,1.4,.750,0.7,1.7,2.5,0.7,0.7,0.4,1.0,2.0,9.1
T.J. Leaf,PF,22,IND,28,1,7.9,1.3,3.1,.419,0.2,0.6,.278,1.1,2.4,.456,.448,0.3,0.6,.438,0.8,1.7,2.5,0.3,0.4,0.1,0.3,0.8,3.0
Courtney Lee,SG,34,DAL,24,9,14.4,1.7,3.4,.488,0.9,2.0,.447,0.8,1.5,.543,.616,0.3,0.3,.857,0.3,1.0,1.3,0.5,0.8,0.3,0.5,1.4,4.5
Damion Lee,SG,27,GSW,49,36,29.0,4.3,10.4,.417,1.7,4.9,.356,2.6,5.6,.471,.500,2.2,2.6,.873,0.7,4.2,4.9,2.7,1.0,0.1,1.4,2.4,12.7
Alex Len,C,26,ATL,40,9,18.6,3.6,6.5,.546,0.4,1.4,.250,3.2,5.1,.627,.573,1.3,2.0,.630,1.7,4.0,5.8,1.1,0.5,0.8,1.0,2.3,8.7
Kawhi Leonard,SF,28,LAC,57,57,32.4,9.3,19.9,.470,2.2,5.7,.378,7.2,14.2,.506,.524,6.2,7.1,.886,0.9,6.1,7.1,4.9,1.8,0.6,2.6,2.0,27.1
Meyers Leonard,C,27,MIA,51,49,20.3,2.3,4.6,.509,1.0,2.5,.414,1.3,2.1,.623,.622,0.4,0.5,.643,0.6,4.5,5.1,1.1,0.3,0.3,0.8,2.1,6.1
Caris LeVert,SG,25,BRK,45,31,29.6,6.9,16.3,.425,1.8,4.9,.364,5.1,11.4,.451,.480,3.1,4.4,.711,1.1,3.1,4.2,4.4,1.2,0.2,2.6,1.8,18.7
Kevon Looney,C,23,GSW,20,4,13.1,1.5,4.0,.367,0.1,0.7,.071,1.4,3.3,.431,.373,0.5,0.6,.750,1.4,1.9,3.3,1.0,0.6,0.3,0.6,1.7,3.4
Kevin Love,PF,31,CLE,56,56,31.8,5.8,13.0,.450,2.6,7.0,.374,3.2,6.0,.537,.550,3.3,3.9,.854,1.0,8.8,9.8,3.2,0.6,0.3,2.5,1.6,17.6
Timothé Luwawu-Cabarrot,SF,24,BRK,47,2,18.1,2.5,5.7,.435,1.3,3.4,.388,1.2,2.3,.505,.550,1.5,1.7,.852,0.6,2.1,2.7,0.6,0.4,0.1,0.8,2.3,7.8
Daryl Macon,PG,24,MIA,4,0,3.5,0.3,0.8,.333,0.3,0.5,.500,0.0,0.3,.000,.500,0.0,0.0,0,0.0,0.0,0.0,0.3,0.0,0.0,0.5,0.3,0.8
J.P. Macura,SG,24,CLE,1,0,1.0,0.0,0.0,0,0.0,0.0,0,0.0,0.0,0,0,0.0,0.0,0,0.0,0.0,0.0,0.0,0.0,0.0,0.0,0.0,0.0
Thon Maker,C,22,DET,60,14,12.9,1.6,3.2,.482,0.4,1.1,.344,1.2,2.2,.550,.539,1.2,1.8,.664,0.9,1.9,2.8,0.7,0.4,0.7,0.8,1.7,4.7
Terance Mann,SF,23,LAC,41,6,8.8,0.9,1.9,.468,0.2,0.5,.350,0.7,1.4,.508,.513,0.4,0.7,.667,0.2,1.1,1.3,1.3,0.3,0.1,0.4,1.1,2.4
Boban Marjanović,C,31,DAL,44,5,9.6,2.8,4.8,.573,0.1,0.4,.235,2.7,4.4,.603,.583,1.0,1.3,.754,1.5,3.0,4.5,0.5,0.2,0.2,0.7,1.3,6.6
Lauri Markkanen,PF,22,CHI,50,50,29.8,5.0,11.8,.425,2.2,6.3,.344,2.8,5.5,.518,.517,2.5,3.1,.824,1.2,5.1,6.3,1.5,0.8,0.5,1.6,1.9,14.7
Caleb Martin,SF,24,CHO,18,1,17.6,2.1,4.7,.440,1.1,2.1,.541,0.9,2.6,.362,.560,0.9,1.2,.810,0.6,1.6,2.1,1.3,0.7,0.4,0.8,1.8,6.2
Cody Martin,SF,24,CHO,48,3,18.8,1.9,4.3,.430,0.4,1.6,.234,1.5,2.7,.546,.473,0.9,1.4,.646,0.8,2.5,3.3,2.0,0.8,0.2,0.9,1.6,5.0
Jeremiah Martin,PG,23,BRK,9,0,11.0,2.7,5.9,.453,0.6,2.0,.278,2.1,3.9,.543,.500,1.2,1.6,.786,0.1,1.0,1.1,2.0,0.8,0.2,0.4,0.8,7.1
Kelan Martin,SF,24,MIN,31,4,16.0,2.3,5.8,.392,0.8,3.1,.260,1.5,2.7,.541,.461,1.0,1.0,.968,0.4,2.7,3.1,0.7,0.2,0.3,0.6,1.6,6.4
Luc Mbah a Moute,PF,33,HOU,3,0,8.3,0.7,1.7,.400,0.0,0.7,.000,0.7,1.0,.667,.400,0.3,0.7,.500,0.3,0.3,0.7,0.0,0.7,0.0,0.3,0.0,1.7
T.J. McConnell,PG,27,IND,71,3,18.7,3.0,5.8,.516,0.1,0.2,.294,2.9,5.5,.525,.522,0.5,0.6,.833,0.5,2.1,2.7,5.0,0.8,0.2,1.4,1.0,6.5
Jalen McDaniels,SF,22,CHO,16,0,18.3,2.1,4.4,.471,0.6,1.5,.375,1.5,2.9,.522,.536,0.9,1.1,.824,0.9,3.1,4.1,0.8,0.5,0.2,0.7,2.3,5.6
Doug McDermott,PF,28,IND,69,0,19.9,3.9,7.9,.488,1.9,4.3,.435,2.0,3.7,.549,.605,0.7,0.8,.828,0.4,2.1,2.5,1.1,0.2,0.1,0.6,1.7,10.3
JaVale McGee,C,32,LAL,68,68,16.6,2.9,4.5,.637,0.0,0.1,.500,2.8,4.4,.640,.642,0.8,1.2,.646,1.8,3.9,5.7,0.5,0.5,1.4,0.8,2.3,6.6
Rodney McGruder,SG,28,LAC,56,4,15.6,1.3,3.2,.398,0.4,1.6,.270,0.9,1.6,.522,.464,0.3,0.6,.559,0.5,2.2,2.7,0.6,0.5,0.1,0.4,1.3,3.3
Alfonzo McKinnie,SF,27,CLE,40,1,14.8,1.8,4.3,.427,0.4,1.6,.215,1.5,2.7,.557,.468,0.6,0.8,.710,0.9,1.9,2.8,0.4,0.6,0.2,0.7,1.8,4.6
Jordan McLaughlin,PG,23,MIN,30,2,19.7,2.9,5.9,.489,1.0,2.5,.382,1.9,3.4,.569,.570,0.9,1.3,.667,0.2,1.4,1.6,4.2,1.1,0.1,1.0,1.0,7.6
Ben McLemore,SF,26,HOU,71,23,22.8,3.4,7.7,.444,2.5,6.4,.400,0.9,1.3,.656,.610,0.7,0.9,.746,0.3,1.9,2.2,0.8,0.6,0.2,0.7,2.2,10.1
Jordan McRae,SG,28,DEN,4,0,8.0,0.5,1.5,.333,0.5,1.0,.500,0.0,0.5,.000,.500,0.8,1.0,.750,0.3,1.0,1.3,1.0,0.5,0.3,0.0,0.5,2.3
Jordan McRae,SG,28,DET,4,0,24.5,3.5,10.8,.326,0.8,4.0,.188,2.8,6.8,.407,.360,4.0,5.5,.727,0.0,3.8,3.8,1.8,0.0,0.0,1.3,2.5,11.8
De'Anthony Melton,PG,21,MEM,60,8,19.5,2.7,6.7,.401,0.7,2.3,.286,2.0,4.4,.464,.451,1.6,2.0,.769,0.7,3.0,3.7,2.9,1.3,0.3,1.4,1.8,7.6
Paul Millsap,PF,34,DEN,51,48,24.3,4.1,8.6,.482,1.1,2.4,.435,3.1,6.2,.500,.543,2.3,2.8,.816,1.9,3.8,5.7,1.6,0.9,0.6,1.4,2.9,11.6
Naz Mitrou-Long,SG,26,IND,5,0,9.4,1.2,3.4,.353,0.4,2.4,.167,0.8,1.0,.800,.412,0.0,0.0,0,0.0,1.4,1.4,1.6,0.2,0.2,0.6,0.4,2.8
Adam Mokoka,SF,21,CHI,11,0,10.2,1.1,2.5,.429,0.5,1.4,.400,0.5,1.2,.462,.536,0.2,0.4,.500,0.6,0.3,0.9,0.4,0.4,0.0,0.2,1.5,2.9
Malik Monk,SG,21,CHO,55,1,21.3,3.9,8.9,.434,1.1,3.7,.284,2.8,5.2,.542,.494,1.5,1.8,.820,0.5,2.4,2.9,2.1,0.5,0.3,1.4,1.3,10.3
Matt Mooney,SG,22,CLE,4,0,4.8,0.3,1.0,.250,0.0,0.5,.000,0.3,0.5,.500,.250,0.0,0.0,0,0.0,0.8,0.8,0.3,0.5,0.3,0.0,0.3,0.5
Ja Morant,PG,20,MEM,67,67,31.0,6.7,14.0,.477,0.9,2.7,.335,5.8,11.3,.511,.509,3.6,4.6,.776,0.8,3.1,3.9,7.3,0.9,0.3,3.3,1.6,17.8
Marcus Morris,PF,30,LAC,19,19,28.9,3.9,9.2,.425,1.4,4.4,.310,2.5,4.7,.533,.500,0.9,1.2,.818,0.6,3.5,4.1,1.4,0.7,0.7,1.3,2.7,10.1
Markieff Morris,PF,30,DET,44,16,22.5,4.0,8.8,.450,1.7,4.3,.397,2.3,4.5,.500,.546,1.4,1.8,.772,0.5,3.4,3.9,1.6,0.6,0.3,1.6,2.4,11.0
Markieff Morris,PF,30,LAL,14,1,14.2,2.0,4.9,.406,0.9,2.8,.333,1.1,2.1,.500,.500,0.4,0.4,.833,1.1,2.1,3.2,0.6,0.4,0.4,0.4,2.1,5.3
Monte Morris,PG,24,DEN,73,12,22.4,3.6,7.8,.459,0.9,2.4,.378,2.7,5.4,.495,.517,1.0,1.2,.843,0.3,1.5,1.9,3.5,0.8,0.2,0.7,1.0,9.0
Johnathan Motley,PF,24,LAC,13,0,3.2,0.8,1.2,.733,0.1,0.1,1.000,0.8,1.1,.714,.767,0.4,0.5,.714,0.2,0.5,0.8,0.6,0.2,0.0,0.4,0.5,2.2
Mychal Mulder,SF,25,GSW,7,3,29.1,3.7,9.6,.388,2.3,7.4,.308,1.4,2.1,.667,.507,1.3,1.7,.750,0.4,2.9,3.3,1.1,0.3,0.1,0.7,2.9,11.0
Jamal Murray,PG,22,DEN,59,59,32.3,6.9,15.2,.456,1.9,5.5,.346,5.0,9.7,.519,.519,2.8,3.1,.881,0.8,3.2,4.0,4.8,1.1,0.3,2.2,1.7,18.5
Džanan Musa,SF,20,BRK,40,0,12.2,1.6,4.3,.372,0.5,2.0,.244,1.1,2.4,.479,.427,1.1,1.5,.750,0.5,1.6,2.2,1.1,0.4,0.0,0.9,0.8,4.8
Sviatoslav Mykhailiuk,SF,22,DET,56,27,22.6,3.0,7.2,.410,2.1,5.1,.404,0.9,2.1,.425,.552,1.0,1.3,.814,0.3,1.6,1.9,1.9,0.7,0.1,1.1,1.6,9.0
Larry Nance Jr.,PF,27,CLE,56,10,26.3,4.1,7.7,.531,1.0,2.8,.352,3.1,4.9,.636,.596,0.9,1.3,.676,1.9,5.4,7.3,2.2,1.0,0.4,1.1,1.6,10.1
Shabazz Napier,PG,28,MIN,36,22,23.8,3.2,7.9,.403,1.3,4.4,.296,1.9,3.4,.540,.486,2.0,2.4,.818,0.5,2.6,3.1,5.2,1.1,0.2,2.1,1.7,9.6
Malik Newman,SG,22,CLE,1,0,4.0,0.0,2.0,.000,0.0,1.0,.000,0.0,1.0,.000,.000,2.0,2.0,1.000,0.0,0.0,0.0,0.0,0.0,0.0,1.0,0.0,2.0
Joakim Noah,C,34,LAC,5,0,10.0,0.8,1.6,.500,0.0,0.0,0,0.8,1.6,.500,.500,1.2,1.6,.750,1.0,2.2,3.2,1.4,0.2,0.2,1.2,1.8,2.8
Zach Norvell,SG,22,LAL,2,0,2.5,0.0,0.5,.000,0.0,0.0,0,0.0,0.5,.000,.000,0.0,0.0,0,0.0,0.5,0.5,0.0,0.0,0.0,0.0,0.0,0.0
Zach Norvell,SG,22,GSW,3,0,12.0,1.0,3.7,.273,1.0,2.7,.375,0.0,1.0,.000,.409,0.3,0.3,1.000,0.0,1.7,1.7,1.0,0.7,0.0,1.0,1.3,3.3
Jaylen Nowell,SG,20,MIN,15,0,10.1,1.3,3.5,.358,0.2,1.7,.115,1.1,1.8,.593,.387,1.1,1.1,.941,0.2,0.7,0.9,1.3,0.2,0.1,0.2,0.7,3.8
Kendrick Nunn,PG,24,MIA,67,67,29.3,6.0,13.6,.439,2.0,5.8,.350,3.9,7.8,.505,.514,1.3,1.5,.850,0.3,2.4,2.7,3.3,0.8,0.2,1.7,2.3,15.3
David Nwaba,SF,27,BRK,20,0,13.4,1.9,3.6,.521,0.6,1.4,.429,1.3,2.2,.581,.606,0.9,1.4,.667,0.4,1.9,2.3,0.4,0.6,0.6,0.4,1.6,5.2
Semi Ojeleye,PF,25,BOS,69,6,14.7,1.2,2.8,.408,0.7,1.8,.378,0.5,1.0,.464,.531,0.4,0.5,.875,0.4,1.7,2.1,0.5,0.3,0.1,0.3,1.2,3.4
Josh Okogie,SG,21,MIN,62,28,25.0,2.7,6.4,.427,0.7,2.5,.266,2.1,3.9,.529,.479,2.5,3.1,.796,1.4,2.9,4.3,1.6,1.1,0.4,1.4,2.2,8.6
KZ Okpala,PF,20,MIA,5,0,5.2,0.6,1.0,.600,0.0,0.2,.000,0.6,0.8,.750,.600,0.2,0.4,.500,0.2,0.8,1.0,0.2,0.4,0.2,0.2,0.4,1.4
Victor Oladipo,SG,27,IND,19,16,27.8,5.1,12.9,.394,1.7,5.5,.317,3.4,7.5,.451,.461,2.5,3.1,.814,0.5,3.5,3.9,2.9,0.9,0.2,2.5,1.9,14.5
Kelly Olynyk,C,28,MIA,67,9,19.4,2.7,5.9,.462,1.4,3.5,.406,1.3,2.4,.543,.582,1.3,1.5,.860,0.7,3.9,4.6,1.7,0.7,0.3,1.1,2.6,8.2
Cedi Osman,SF,24,CLE,65,65,29.4,4.1,9.4,.437,1.9,4.9,.383,2.2,4.4,.497,.538,1.0,1.4,.670,0.6,3.0,3.6,2.4,0.8,0.2,1.4,2.5,11.0
Jeremy Pargo,PG,33,GSW,3,0,14.7,3.7,7.3,.500,1.0,2.3,.429,2.7,5.0,.533,.568,0.0,0.3,.000,0.3,0.7,1.0,2.7,0.3,0.0,1.3,2.7,8.3
Jabari Parker,PF,24,ATL,32,23,26.2,6.2,12.3,.504,1.0,3.6,.270,5.2,8.7,.601,.543,1.7,2.3,.736,1.7,4.3,6.0,1.8,1.3,0.5,1.9,2.9,15.0
Chandler Parsons,PF,31,ATL,5,0,10.8,1.0,3.6,.278,0.8,2.8,.286,0.2,0.8,.250,.389,0.0,0.0,0,0.2,1.2,1.4,0.6,0.8,0.2,0.6,0.6,2.8
Eric Paschall,PF,23,GSW,60,26,27.6,5.3,10.7,.497,0.6,2.2,.287,4.7,8.5,.550,.526,2.7,3.5,.774,1.4,3.2,4.6,2.1,0.5,0.2,1.6,2.1,14.0
Patrick Patterson,PF,30,LAC,59,18,13.2,1.6,3.9,.408,1.1,2.9,.390,0.5,1.0,.459,.552,0.6,0.7,.814,0.6,2.0,2.6,0.7,0.1,0.1,0.4,0.9,4.9
Theo Pinson,SG,24,BRK,33,0,11.1,1.4,4.7,.290,0.5,2.4,.188,0.9,2.3,.400,.339,0.5,0.5,.938,0.3,1.3,1.6,1.7,0.5,0.1,1.0,1.1,3.6
Mason Plumlee,C,29,DEN,61,1,17.3,2.9,4.7,.615,0.0,0.1,.000,2.9,4.6,.625,.615,1.4,2.5,.535,1.6,3.6,5.2,2.5,0.5,0.6,1.3,2.3,7.2
Vincent Poirier,C,26,BOS,22,0,5.9,0.8,1.6,.472,0.0,0.1,.500,0.7,1.5,.471,.486,0.3,0.3,.857,0.6,1.4,2.0,0.4,0.1,0.4,0.4,1.1,1.9
Jordan Poole,SG,20,GSW,57,14,22.4,2.9,8.8,.333,1.3,4.6,.279,1.6,4.2,.392,.406,1.7,2.1,.798,0.2,1.9,2.1,2.4,0.6,0.2,1.3,1.6,8.8
Kevin Porter Jr.,SF,19,CLE,50,3,23.2,3.7,8.4,.442,1.1,3.2,.335,2.7,5.3,.506,.505,1.5,2.0,.723,0.4,2.8,3.2,2.2,0.9,0.3,1.9,2.7,10.0
Michael Porter Jr.,SF,21,DEN,55,8,16.4,3.5,7.0,.509,1.1,2.7,.422,2.4,4.3,.564,.590,1.1,1.3,.833,1.2,3.5,4.7,0.8,0.5,0.5,0.9,1.8,9.3
Otto Porter,SF,26,CHI,14,9,23.6,4.4,10.0,.443,1.7,4.4,.387,2.7,5.6,.487,.529,1.4,1.9,.704,0.9,2.5,3.4,1.8,1.1,0.4,0.8,2.2,11.9
Kristaps Porziņģis,C,24,DAL,57,57,31.8,7.0,16.4,.427,2.5,7.1,.352,4.5,9.3,.484,.503,4.0,5.0,.799,1.8,7.7,9.5,1.8,0.7,2.0,1.6,3.2,20.4
Dwight Powell,C,28,DAL,40,37,26.5,3.7,5.7,.638,0.3,1.0,.256,3.4,4.8,.716,.659,1.9,2.8,.667,1.9,3.8,5.7,1.5,0.9,0.6,0.9,2.6,9.4
Taurean Prince,PF,25,BRK,64,61,29.0,4.3,11.5,.376,2.3,6.7,.339,2.1,4.8,.429,.475,1.1,1.4,.798,0.8,5.2,6.0,1.8,0.9,0.4,2.0,2.5,12.1
Chasson Randle,PG,26,GSW,3,0,13.3,0.0,1.3,.000,0.0,0.7,.000,0.0,0.7,.000,.000,1.7,2.0,.833,0.0,0.7,0.7,1.7,0.7,0.0,0.0,1.0,1.7
Josh Reaves,SF,22,DAL,4,0,7.0,0.8,2.3,.333,0.0,0.5,.000,0.8,1.8,.429,.333,0.5,0.5,1.000,0.3,0.5,0.8,0.8,0.0,0.0,0.0,1.3,2.0
Cam Reddish,SF,20,ATL,58,34,26.7,3.7,9.6,.384,1.4,4.3,.332,2.2,5.2,.428,.459,1.7,2.2,.802,0.6,3.1,3.7,1.5,1.1,0.5,1.7,2.3,10.5
Naz Reid,C,20,MIN,30,11,16.5,3.3,8.1,.412,1.1,3.2,.330,2.3,4.9,.466,.477,1.2,1.8,.698,1.1,3.0,4.1,1.2,0.6,0.7,0.7,2.8,9.0
Austin Rivers,SG,27,HOU,68,4,23.4,3.1,7.4,.421,1.4,4.0,.356,1.7,3.4,.498,.517,1.1,1.6,.703,0.4,2.2,2.6,1.7,0.7,0.1,0.7,1.9,8.8
Duncan Robinson,SG,25,MIA,73,68,29.7,4.4,9.4,.470,3.7,8.3,.446,0.7,1.1,.654,.667,0.9,1.0,.931,0.1,3.0,3.2,1.4,0.5,0.3,1.0,2.6,13.5
Glenn Robinson III,SF,26,GSW,48,48,31.6,5.1,10.6,.481,1.4,3.5,.400,3.7,7.0,.522,.548,1.3,1.5,.851,1.4,3.3,4.7,1.8,0.9,0.3,1.0,1.7,12.9
Jerome Robinson,SG,22,LAC,42,1,11.3,1.1,3.2,.338,0.5,1.6,.284,0.6,1.6,.391,.408,0.3,0.5,.579,0.1,1.3,1.4,1.1,0.3,0.2,0.6,1.3,2.9
Rajon Rondo,PG,33,LAL,48,3,20.5,2.9,6.8,.418,0.9,2.6,.328,2.0,4.2,.473,.480,0.6,0.9,.659,0.5,2.5,3.0,5.0,0.8,0.0,1.9,1.2,7.1
Derrick Rose,PG,31,DET,50,15,26.0,7.4,15.1,.490,0.9,2.9,.306,6.5,12.1,.535,.520,2.4,2.8,.871,0.5,1.9,2.4,5.6,0.8,0.3,2.5,1.0,18.1
Terry Rozier,PG,25,CHO,63,63,34.3,6.3,14.9,.423,2.7,6.7,.407,3.6,8.2,.436,.514,2.6,3.0,.874,0.8,3.6,4.4,4.1,1.0,0.2,2.2,2.0,18.0
D'Angelo Russell,PG,23,GSW,33,33,32.1,8.3,19.2,.430,3.6,9.7,.374,4.6,9.5,.487,.524,3.4,4.4,.785,0.4,3.3,3.7,6.2,0.9,0.3,3.1,1.9,23.6
D'Angelo Russell,PG,23,MIN,12,12,32.7,7.3,17.6,.412,3.2,9.2,.345,4.1,8.4,.485,.502,4.0,4.6,.873,0.3,4.3,4.6,6.6,1.4,0.3,3.8,1.8,21.7
Domantas Sabonis,PF,23,IND,62,62,34.8,7.4,13.7,.540,0.3,1.1,.254,7.1,12.6,.565,.550,3.5,4.8,.723,3.0,9.4,12.4,5.0,0.8,0.5,2.7,3.1,18.5
JaKarr Sampson,PF,26,IND,34,12,13.9,2.0,3.4,.591,0.1,0.4,.154,1.9,3.0,.647,.600,0.5,0.8,.667,0.6,2.0,2.6,0.6,0.5,0.4,0.4,1.9,4.6
Tomáš Satoranský,SG,28,CHI,65,64,28.9,3.6,8.5,.430,1.0,3.1,.322,2.7,5.4,.491,.488,1.6,1.9,.876,1.2,2.7,3.9,5.4,1.2,0.1,2.0,2.1,9.9
Thabo Sefolosha,PF,35,HOU,41,0,10.6,0.9,2.2,.407,0.4,1.3,.278,0.5,0.9,.595,.489,0.1,0.2,.375,0.5,1.8,2.3,0.6,0.6,0.3,0.4,1.0,2.2
Collin Sexton,PG,21,CLE,65,65,33.0,7.9,16.7,.472,1.5,3.9,.380,6.4,12.8,.501,.517,3.5,4.1,.846,0.9,2.2,3.1,3.0,1.0,0.1,2.4,2.2,20.8
Landry Shamet,SG,22,LAC,53,30,27.4,3.0,7.4,.404,2.1,5.6,.375,0.9,1.8,.495,.546,1.2,1.4,.855,0.1,1.8,1.9,1.9,0.4,0.2,0.8,2.7,9.3
Iman Shumpert,SF,29,BRK,13,0,18.5,1.6,4.9,.328,0.6,2.5,.242,1.0,2.4,.419,.391,0.3,0.5,.571,0.7,1.9,2.6,0.9,0.9,0.2,0.8,1.6,4.2
Chris Silva,PF,23,MIA,44,0,7.9,1.1,1.8,.615,0.0,0.1,.000,1.1,1.7,.640,.615,0.8,1.3,.673,1.4,1.5,2.9,0.5,0.2,0.5,0.7,1.9,3.0
Alen Smailagić,C,19,GSW,14,0,9.9,1.4,2.9,.500,0.2,0.9,.231,1.2,1.9,.630,.538,1.1,1.4,.842,0.7,1.2,1.9,0.9,0.2,0.3,0.8,1.0,4.2
Marcus Smart,SG,25,BOS,60,40,32.0,4.3,11.4,.375,2.3,6.6,.347,2.0,4.8,.415,.476,2.1,2.5,.836,0.7,3.1,3.8,4.9,1.7,0.5,1.7,2.7,12.9
J.R. Smith,SG,34,LAL,6,0,13.2,1.2,3.7,.318,0.2,1.8,.091,1.0,1.8,.545,.341,0.3,0.3,1.000,0.0,0.8,0.8,0.5,0.2,0.0,0.7,0.8,2.8
Tony Snell,SF,28,DET,59,57,27.8,2.9,6.5,.445,1.7,4.3,.402,1.2,2.2,.531,.579,0.5,0.5,1.000,0.2,1.7,1.9,2.2,0.5,0.3,0.5,1.7,8.0
Omari Spellman,C,22,GSW,49,3,18.1,2.6,6.0,.431,0.9,2.2,.391,1.7,3.8,.454,.503,1.5,1.9,.793,1.6,2.9,4.5,1.0,0.7,0.5,1.1,1.3,7.6
Max Strus,SF,23,CHI,2,0,3.0,1.0,1.5,.667,0.0,0.5,.000,1.0,1.0,1.000,.667,0.5,0.5,1.000,0.5,0.0,0.5,0.0,0.0,0.0,0.0,0.5,2.5
Edmond Sumner,SG,24,IND,31,3,14.4,2.0,4.6,.430,0.5,1.7,.264,1.5,2.9,.528,.479,0.5,0.9,.552,0.4,1.1,1.5,1.8,0.5,0.3,0.7,1.4,4.9
Jayson Tatum,PF,21,BOS,66,66,34.3,8.4,18.6,.450,2.9,7.1,.403,5.5,11.5,.480,.527,3.8,4.7,.812,1.0,6.0,7.0,3.0,1.4,0.9,2.3,2.1,23.4
Jeff Teague,PG,31,MIN,34,13,27.8,4.3,9.5,.448,1.0,2.6,.379,3.3,7.0,.473,.498,3.7,4.2,.868,0.4,2.1,2.6,6.1,0.7,0.4,2.2,2.1,13.2
Jeff Teague,PG,31,ATL,25,4,20.8,2.7,6.6,.412,0.4,1.2,.333,2.3,5.4,.430,.442,1.9,2.1,.887,0.5,1.7,2.2,4.0,0.8,0.2,1.6,1.4,7.7
Garrett Temple,SG,33,BRK,62,35,27.9,3.6,9.5,.378,2.0,6.2,.329,1.5,3.2,.473,.486,1.1,1.4,.805,0.5,3.0,3.5,2.5,0.8,0.5,1.0,1.7,10.3
Daniel Theis,C,27,BOS,65,64,24.1,3.7,6.6,.566,0.5,1.5,.333,3.2,5.1,.633,.603,1.3,1.8,.763,2.2,4.4,6.6,1.7,0.6,1.3,0.8,3.4,9.2
Khyri Thomas,SG,23,DET,8,0,7.6,0.6,2.1,.294,0.6,1.8,.357,0.0,0.4,.000,.441,0.3,0.5,.500,0.1,0.0,0.1,0.4,0.4,0.0,0.4,1.1,2.1
Lance Thomas,PF,31,BRK,7,4,14.0,1.1,3.3,.348,0.6,1.9,.308,0.6,1.4,.400,.435,0.6,0.6,1.000,0.3,1.6,1.9,0.9,0.0,0.0,0.9,1.6,3.4
Tristan Thompson,PF,28,CLE,57,51,30.2,5.1,9.9,.512,0.2,0.4,.391,4.9,9.5,.518,.520,1.7,2.8,.615,4.0,6.2,10.1,2.1,0.6,0.9,1.8,2.2,12.0
Anthony Tolliver,PF,34,MEM,13,4,18.2,1.5,3.7,.396,1.3,3.2,.415,0.2,0.5,.286,.573,0.5,0.6,.875,0.4,2.2,2.5,0.8,0.5,0.1,0.7,1.1,4.8
Juan Toscano-Anderson,SG,26,GSW,13,6,20.9,2.2,4.8,.460,0.6,1.8,.348,1.6,3.1,.525,.524,0.2,0.4,.600,0.7,3.3,4.0,2.0,1.0,0.4,1.2,2.3,5.3
Karl-Anthony Towns,C,24,MIN,35,35,33.9,9.0,17.8,.508,3.3,7.9,.412,5.8,9.9,.586,.600,5.1,6.5,.796,2.7,8.1,10.8,4.4,0.9,1.2,3.1,3.3,26.5
P.J. Tucker,PF,34,HOU,72,72,34.3,2.5,5.9,.415,1.5,4.2,.358,1.0,1.8,.551,.541,0.5,0.7,.813,1.6,5.1,6.6,1.6,1.1,0.5,1.0,3.2,6.9
Evan Turner,SG,31,ATL,19,0,13.2,1.3,3.5,.373,0.0,0.3,.000,1.3,3.3,.403,.373,0.6,0.7,.857,0.4,1.6,2.0,2.0,0.5,0.4,1.4,1.1,3.3
Myles Turner,C,23,IND,62,62,29.5,4.3,9.5,.457,1.4,4.0,.344,2.9,5.4,.540,.530,2.0,2.7,.751,1.4,5.2,6.6,1.2,0.7,2.1,1.4,2.7,12.1
Jarrod Uthoff,PF,26,MEM,4,0,3.5,0.3,1.8,.143,0.0,1.0,.000,0.3,0.8,.333,.143,0.5,0.5,1.000,0.3,0.0,0.3,0.0,0.3,0.0,0.0,0.3,1.0
Jonas Valančiūnas,C,27,MEM,70,70,26.4,6.2,10.6,.585,0.5,1.3,.352,5.7,9.3,.617,.606,2.1,2.9,.740,3.0,8.2,11.3,1.9,0.4,1.1,1.8,2.6,14.9
Denzel Valentine,SF,26,CHI,36,5,13.6,2.7,6.6,.409,1.3,3.8,.336,1.4,2.8,.510,.506,0.2,0.2,.750,0.3,1.8,2.1,1.2,0.7,0.2,0.7,1.4,6.8
Jarred Vanderbilt,PF,20,DEN,9,0,4.6,0.6,0.8,.714,0.0,0.0,0,0.6,0.8,.714,.714,0.0,0.0,0,0.3,0.6,0.9,0.2,0.3,0.1,0.8,0.7,1.1
Jarred Vanderbilt,PF,20,MIN,2,0,2.5,0.0,0.5,.000,0.0,0.5,.000,0.0,0.0,0,.000,1.0,1.0,1.000,0.0,0.5,0.5,0.0,0.0,0.0,0.0,0.0,1.0
Gabe Vincent,PG,23,MIA,9,0,9.2,0.9,4.1,.216,0.7,3.0,.222,0.2,1.1,.200,.297,0.0,0.0,0,0.0,0.6,0.6,0.7,0.6,0.0,0.1,0.7,2.4
Noah Vonleh,C,24,MIN,29,1,12.0,1.6,3.0,.547,0.1,0.5,.143,1.6,2.5,.625,.558,0.8,1.0,.821,1.2,2.8,4.0,0.9,0.4,0.2,0.7,1.2,4.1
Noah Vonleh,C,24,DEN,7,0,4.3,0.7,0.9,.833,0.1,0.1,1.000,0.6,0.7,.800,.917,0.3,0.6,.500,0.4,0.7,1.1,0.3,0.0,0.0,0.3,0.6,1.9
Dean Wade,PF,23,CLE,12,0,5.9,0.8,1.1,.692,0.2,0.3,.500,0.6,0.8,.778,.769,0.0,0.1,.000,0.3,1.3,1.6,0.2,0.2,0.3,0.3,0.7,1.7
Dion Waiters,SG,28,MIA,3,0,14.0,3.3,8.7,.385,2.7,5.7,.471,0.7,3.0,.222,.538,0.0,0.3,.000,0.0,3.7,3.7,1.0,0.0,0.7,1.0,1.7,9.3
Dion Waiters,SG,28,LAL,7,0,23.6,4.4,10.4,.425,1.0,4.3,.233,3.4,6.1,.558,.473,2.0,2.3,.875,0.3,1.6,1.9,2.4,0.6,0.6,1.9,2.3,11.9
Kemba Walker,PG,29,BOS,56,56,31.1,6.8,15.9,.425,3.2,8.4,.381,3.5,7.4,.476,.526,3.7,4.3,.864,0.6,3.2,3.9,4.8,0.9,0.5,2.1,1.6,20.4
Tyrone Wallace,SG,25,ATL,14,0,11.4,1.0,3.1,.318,0.1,1.1,.067,0.9,2.1,.448,.330,0.8,1.2,.647,0.2,1.4,1.6,0.9,0.5,0.1,0.7,1.4,2.9
Derrick Walton,PG,24,LAC,23,1,9.7,0.7,1.6,.472,0.4,0.9,.429,0.3,0.7,.533,.597,0.3,0.4,.778,0.1,0.6,0.7,1.0,0.2,0.0,0.2,0.8,2.2
Derrick Walton,PG,24,DET,3,0,8.7,0.3,1.0,.333,0.3,1.0,.333,0.0,0.0,0,.500,0.0,0.0,0,0.0,0.3,0.3,1.7,1.0,0.0,0.3,0.7,1.0
Brad Wanamaker,PG,30,BOS,71,1,19.3,2.3,5.1,.448,0.5,1.4,.363,1.8,3.7,.481,.499,1.8,1.9,.926,0.3,1.7,2.0,2.5,0.9,0.2,1.1,1.9,6.9
T.J. Warren,SF,26,IND,67,67,32.9,8.0,14.9,.536,1.4,3.4,.403,6.6,11.5,.575,.581,2.5,3.0,.819,1.0,3.2,4.2,1.5,1.2,0.5,1.3,2.8,19.8
P.J. Washington,PF,21,CHO,58,57,30.3,4.6,10.2,.455,1.5,4.0,.374,3.1,6.2,.507,.528,1.5,2.3,.647,1.0,4.4,5.4,2.1,0.9,0.8,1.6,2.7,12.2
Yuta Watanabe,SF,25,MEM,18,0,5.8,0.8,1.9,.441,0.2,0.4,.375,0.7,1.4,.462,.485,0.2,0.4,.375,0.4,0.7,1.1,0.3,0.3,0.1,0.1,0.5,2.0
Tremont Waters,PG,22,BOS,11,1,10.8,1.3,4.5,.286,0.4,2.2,.167,0.9,2.3,.400,.327,0.7,0.7,1.000,0.0,1.1,1.1,1.5,0.9,0.2,1.4,1.2,3.6
Paul Watson,SF,25,ATL,2,0,8.5,0.0,3.5,.000,0.0,1.5,.000,0.0,2.0,.000,.000,0.0,0.0,0,0.0,1.0,1.0,1.5,0.5,0.0,0.0,0.5,0.0
Russell Westbrook,PG,31,HOU,57,57,35.9,10.6,22.5,.472,1.0,3.7,.258,9.6,18.7,.514,.493,5.1,6.7,.763,1.8,6.2,7.9,7.0,1.6,0.4,4.5,3.5,27.2
Coby White,PG,19,CHI,65,1,25.8,4.8,12.2,.394,2.0,5.8,.354,2.8,6.4,.430,.478,1.6,2.0,.791,0.4,3.1,3.5,2.7,0.8,0.1,1.7,1.8,13.2
Andrew Wiggins,SF,24,MIN,42,42,34.6,8.4,18.8,.444,2.2,6.5,.331,6.2,12.3,.505,.502,3.5,4.9,.720,1.1,4.1,5.2,3.7,0.7,0.9,2.5,2.4,22.4
Andrew Wiggins,SF,24,GSW,12,12,33.6,7.2,15.7,.457,1.7,4.9,.339,5.5,10.8,.512,.511,3.4,5.1,.672,1.5,3.1,4.6,3.6,1.3,1.4,2.1,2.2,19.4
Grant Williams,PF,21,BOS,69,5,15.1,1.3,3.1,.412,0.3,1.4,.250,0.9,1.7,.548,.469,0.6,0.8,.722,0.9,1.7,2.6,1.0,0.4,0.5,0.7,2.4,3.4
Lou Williams,PG,33,LAC,65,8,28.7,6.0,14.4,.418,1.7,4.8,.352,4.3,9.6,.451,.477,4.5,5.2,.861,0.5,2.6,3.1,5.6,0.7,0.2,2.8,1.2,18.2
Marvin Williams,PF,33,CHO,41,1,19.7,2.3,5.1,.448,1.1,2.9,.376,1.2,2.3,.538,.552,1.0,1.2,.860,0.4,2.3,2.7,1.0,0.6,0.5,0.6,1.7,6.7
Robert Williams,C,22,BOS,29,1,13.4,2.2,3.0,.727,0.0,0.0,0,2.2,3.0,.727,.727,0.8,1.2,.647,1.4,3.0,4.4,0.9,0.8,1.2,0.7,1.8,5.2
Justise Winslow,SG,23,MIA,11,5,32.0,4.5,11.7,.388,0.5,2.5,.222,4.0,9.3,.431,.411,1.6,2.5,.667,1.5,5.2,6.6,4.0,0.6,0.5,2.2,3.5,11.3
Christian Wood,PF,24,DET,62,12,21.4,4.6,8.2,.567,0.9,2.3,.386,3.8,5.9,.636,.620,2.9,3.9,.744,1.7,4.6,6.3,1.0,0.5,0.9,1.4,1.6,13.1
Delon Wright,PG,27,DAL,73,5,21.5,2.6,5.6,.462,0.6,1.7,.370,2.0,3.9,.504,.519,1.1,1.4,.770,1.0,2.9,3.8,3.3,1.2,0.3,1.0,1.3,6.9
Thaddeus Young,PF,31,CHI,64,16,24.9,4.2,9.4,.448,1.2,3.5,.356,3.0,5.9,.501,.513,0.7,1.1,.583,1.5,3.5,4.9,1.8,1.4,0.4,1.6,2.1,10.3
Trae Young,PG,21,ATL,60,60,35.3,9.1,20.8,.437,3.4,9.5,.361,5.7,11.4,.501,.519,8.0,9.3,.860,0.5,3.7,4.3,9.3,1.1,0.1,4.8,1.7,29.6
Cody Zeller,C,27,CHO,58,39,23.1,4.3,8.3,.524,0.3,1.3,.240,4.0,7.0,.577,.543,2.1,3.1,.682,2.8,4.3,7.1,1.5,0.7,0.4,1.3,2.4,11.1
Ante Žižić,C,23,CLE,22,0,10.0,1.9,3.3,.569,0.0,0.0,0,1.9,3.3,.569,.569,0.6,0.9,.737,0.8,2.2,3.0,0.3,0.3,0.2,0.5,1.2,4.4
Ivica Zubac,C,22,LAC,72,70,18.4,3.3,5.3,.613,0.0,0.0,.000,3.3,5.3,.616,.613,1.7,2.3,.747,2.7,4.8,7.5,1.1,0.2,0.9,0.8,2.3,8.3
